{"sidebar":{"search-2":{"title":""},"text-3":{"title":"About The Blog","text":"We really treasured every moment together, so we decided to write our beautiful memories on this blog. We hope you love reading our blog.\r\n\r\n<img src=\"http:\/\/singlestroke.io\/demo\/jackrose-wp\/wp-content\/import\/2015\/11\/about.png\" alt=\"About us\">","filter":true},"recent-posts-2":{"title":"Recent Posts","number":5,"show_date":false},"text-2":{"title":"","text":"<a href=\"#\"><img src=\"http:\/\/singlestroke.io\/demo\/jackrose-wp\/wp-content\/import\/2015\/11\/banner.jpg\" alt=\"Banner Spot\"><\/a>\r\n<a href=\"#\"><img src=\"http:\/\/singlestroke.io\/demo\/jackrose-wp\/wp-content\/import\/2015\/11\/banner2.jpg\" alt=\"Banner Spot\"><\/a>","filter":true},"calendar-2":{"title":""},"categories-2":{"title":"Categories","count":0,"hierarchical":0,"dropdown":0},"tag_cloud-2":{"title":"Tags","taxonomy":"post_tag"}}}